{
	"class_name" : "PinholeCameraParameters",
	"extrinsic" : 
	[
		0.85653456482158874,
		0.14270208962530698,
		0.49596839907645585,
		0.0,
		-0.072898985390494331,
		-0.91792270869789194,
		0.39000466508204967,
		0.0,
		0.51091513697964386,
		-0.37020806916286431,
		-0.7758296902876145,
		0.0,
		-9.7091303730805389,
		8.5907151617658712,
		28.246397501011927,
		1.0
	],
	"intrinsic" : 
	{
		"height" : 1055,
		"intrinsic_matrix" : 
		[
			913.65680099258282,
			0.0,
			0.0,
			0.0,
			913.65680099258282,
			0.0,
			959.5,
			527.0,
			1.0
		],
		"width" : 1920
	},
	"version_major" : 1,
	"version_minor" : 0
}