{
	"class_name" : "PinholeCameraParameters",
	"extrinsic" : 
	[
		0.97765596062554638,
		-0.04479430076177849,
		-0.2053832838197977,
		0.0,
		0.024892177304036728,
		-0.94548855493790074,
		0.3247025900582019,
		0.0,
		-0.20873236970437684,
		-0.32255985971708201,
		-0.92324749376150039,
		0.0,
		-46853.985617443519,
		77490.023738896096,
		215116.06846003688,
		1.0
	],
	"intrinsic" : 
	{
		"height" : 1080,
		"intrinsic_matrix" : 
		[
			935.30743608719376,
			0.0,
			0.0,
			0.0,
			935.30743608719376,
			0.0,
			959.5,
			539.5,
			1.0
		],
		"width" : 1920
	},
	"version_major" : 1,
	"version_minor" : 0
}