{
	"class_name" : "PinholeCameraParameters",
	"extrinsic" : 
	[
		0.67687904858821979,
		-0.68484107484641421,
		0.26986562542405157,
		0.0,
		-0.43734277065402133,
		-0.6690526021224974,
		-0.60091589806709178,
		0.0,
		0.59208618843794225,
		0.28872360103795375,
		-0.75237798191115757,
		0.0,
		-6.2371684977910586,
		7.988775569482188,
		47.49522676519706,
		1.0
	],
	"intrinsic" : 
	{
		"height" : 586,
		"intrinsic_matrix" : 
		[
			507.4908866176811,
			0.0,
			0.0,
			0.0,
			507.4908866176811,
			0.0,
			457.5,
			292.5,
			1.0
		],
		"width" : 916
	},
	"version_major" : 1,
	"version_minor" : 0
}