{
	"class_name" : "PinholeCameraParameters",
	"extrinsic" : 
	[
		0.96577111587714071,
		-0.2591546901092458,
		0.011180265283233981,
		0.0,
		0.0026472150487115067,
		0.052945784268204073,
		0.99859387950292933,
		0.0,
		-0.2593822353013186,
		-0.96438352874912048,
		0.05181954734929517,
		0.0,
		-16.609554130935326,
		127.07651687880676,
		206.44585171748673,
		1.0
	],
	"intrinsic" : 
	{
		"height" : 1055,
		"intrinsic_matrix" : 
		[
			913.65680099258282,
			0.0,
			0.0,
			0.0,
			913.65680099258282,
			0.0,
			959.5,
			527.0,
			1.0
		],
		"width" : 1920
	},
	"version_major" : 1,
	"version_minor" : 0
}