{
	"class_name" : "PinholeCameraParameters",
	"extrinsic" : 
	[
		0.48025807231907863,
		0.078563746984859156,
		0.87360169507165097,
		0.0,
		-0.83566663954684328,
		-0.2616097050437437,
		0.48293025353089225,
		0.0,
		0.26648349202314403,
		-0.96197094544826278,
		-0.059987070211225402,
		0.0,
		7.8595784039439138,
		76.602671309931893,
		157.5184029532353,
		1.0
	],
	"intrinsic" : 
	{
		"height" : 1080,
		"intrinsic_matrix" : 
		[
			935.30743608719376,
			0.0,
			0.0,
			0.0,
			935.30743608719376,
			0.0,
			959.5,
			539.5,
			1.0
		],
		"width" : 1920
	},
	"version_major" : 1,
	"version_minor" : 0
}