{
	"class_name" : "PinholeCameraParameters",
	"extrinsic" : 
	[
		0.66742376612799148,
		-0.66819843087542474,
		0.32871929268472899,
		0.0,
		-0.4475500087018407,
		-0.7127334869768378,
		-0.54010181100679555,
		0.0,
		0.59518443033946244,
		0.21335846249319076,
		-0.77474748167646945,
		0.0,
		-6.1129364082420992,
		8.7568009151930379,
		46.765489856029603,
		1.0
	],
	"intrinsic" : 
	{
		"height" : 1055,
		"intrinsic_matrix" : 
		[
			913.65680099258282,
			0.0,
			0.0,
			0.0,
			913.65680099258282,
			0.0,
			959.5,
			527.0,
			1.0
		],
		"width" : 1920
	},
	"version_major" : 1,
	"version_minor" : 0
}