{
	"class_name" : "PinholeCameraParameters",
	"extrinsic" : 
	[
		0.9712498285840182,
		0.23311031534348123,
		0.048304775705701401,
		0.0,
		0.086821426391969103,
		-0.53577910592557787,
		0.83988260463760789,
		0.0,
		0.22166598835811338,
		-0.81154194625666232,
		-0.54061433487391874,
		0.0,
		-9.5980293250057542,
		8.3565805262906956,
		47.245954527830797,
		1.0
	],
	"intrinsic" : 
	{
		"height" : 1055,
		"intrinsic_matrix" : 
		[
			913.65680099258282,
			0.0,
			0.0,
			0.0,
			913.65680099258282,
			0.0,
			959.5,
			527.0,
			1.0
		],
		"width" : 1920
	},
	"version_major" : 1,
	"version_minor" : 0
}